id,password,role,username,email
10,abcd123,responder,dclark,dclark@mail.com
11,abcd123,responder,osmith,osmith@mail.com
12,abcd123,admin,yrodriguez,yrodriguez@mail.com
13,abcd123,coordinator,xgarcia,xgarcia@mail.com
14,abcd123,coordinator,vbrown,vbrown@mail.com
15,abcd123,coordinator,rmoore,rmoore@mail.com
16,abcd123,admin,ilopez,ilopez@mail.com
17,abcd123,coordinator,uthompson,uthompson@mail.com
18,abcd123,coordinator,cjackson,cjackson@mail.com
19,abcd123,coordinator,ddavis,ddavis@mail.com
20,abcd123,coordinator,rtaylor,rtaylor@mail.com
21,abcd123,volunteer,jgonzalez,jgonzalez@mail.com
22,abcd123,admin,nmartin,nmartin@mail.com
23,abcd123,responder,yanderson,yanderson@mail.com
24,abcd123,admin,zgonzalez,zgonzalez@mail.com
25,abcd123,responder,wmartinez,wmartinez@mail.com
26,abcd123,volunteer,emiller,emiller@mail.com
27,abcd123,responder,vwilson,vwilson@mail.com
28,abcd123,admin,ylewis,ylewis@mail.com
29,abcd123,admin,gthomas,gthomas@mail.com
30,abcd123,admin,elee,elee@mail.com
31,abcd123,responder,xwhite,xwhite@mail.com
32,abcd123,coordinator,yhernandez,yhernandez@mail.com
33,abcd123,responder,cmartin,cmartin@mail.com
34,abcd123,admin,egonzalez,egonzalez@mail.com
35,abcd123,responder,ewilson,ewilson@mail.com
36,abcd123,responder,zwilson,zwilson@mail.com
37,abcd123,admin,tjackson,tjackson@mail.com
38,abcd123,responder,psmith,psmith@mail.com
39,abcd123,responder,ugonzalez,ugonzalez@mail.com
40,abcd123,responder,ismith,ismith@mail.com
41,abcd123,admin,mjackson,mjackson@mail.com
42,abcd123,responder,lbrown,lbrown@mail.com
43,abcd123,volunteer,umoore,umoore@mail.com
44,abcd123,admin,mlopez,mlopez@mail.com
45,abcd123,admin,pmartinez,pmartinez@mail.com
46,abcd123,volunteer,sjackson,sjackson@mail.com
47,abcd123,volunteer,qgarcia,qgarcia@mail.com
48,abcd123,responder,sjones,sjones@mail.com
49,abcd123,volunteer,oharris,oharris@mail.com
50,abcd123,admin,olee,olee@mail.com
51,abcd123,volunteer,wanderson,wanderson@mail.com
52,abcd123,coordinator,ylopez,ylopez@mail.com
53,abcd123,responder,qgarcia,qgarcia@mail.com
54,abcd123,volunteer,hmartinez,hmartinez@mail.com
55,abcd123,admin,mgonzalez,mgonzalez@mail.com
56,abcd123,coordinator,elewis,elewis@mail.com
57,abcd123,coordinator,ehernandez,ehernandez@mail.com
58,abcd123,volunteer,qlopez,qlopez@mail.com
59,abcd123,volunteer,cdavis,cdavis@mail.com
60,abcd123,coordinator,dbrown,dbrown@mail.com
61,abcd123,admin,wthomas,wthomas@mail.com
62,abcd123,responder,jhernandez,jhernandez@mail.com
63,abcd123,responder,ydavis,ydavis@mail.com
64,abcd123,admin,sjones,sjones@mail.com
65,abcd123,responder,ddavis,ddavis@mail.com
66,abcd123,coordinator,vjackson,vjackson@mail.com
67,abcd123,volunteer,ymoore,ymoore@mail.com
68,abcd123,volunteer,ebrown,ebrown@mail.com
69,abcd123,responder,rlee,rlee@mail.com
70,abcd123,responder,emartin,emartin@mail.com
71,abcd123,volunteer,imartin,imartin@mail.com
72,abcd123,admin,ianderson,ianderson@mail.com
73,abcd123,admin,handerson,handerson@mail.com
74,abcd123,admin,zthompson,zthompson@mail.com
75,abcd123,admin,dharris,dharris@mail.com
76,abcd123,responder,qthomas,qthomas@mail.com
77,abcd123,admin,bbrown,bbrown@mail.com
78,abcd123,responder,vjones,vjones@mail.com
79,abcd123,responder,nmoore,nmoore@mail.com
80,abcd123,responder,hmartin,hmartin@mail.com
81,abcd123,coordinator,edavis,edavis@mail.com
82,abcd123,admin,kjohnson,kjohnson@mail.com
83,abcd123,coordinator,twilson,twilson@mail.com
84,abcd123,coordinator,yanderson,yanderson@mail.com
85,abcd123,admin,ugonzalez,ugonzalez@mail.com
86,abcd123,volunteer,yharris,yharris@mail.com
87,abcd123,volunteer,xtaylor,xtaylor@mail.com
88,abcd123,admin,mrodriguez,mrodriguez@mail.com
89,abcd123,responder,xjohnson,xjohnson@mail.com
90,abcd123,coordinator,gmiller,gmiller@mail.com
91,abcd123,responder,clee,clee@mail.com
92,abcd123,responder,gbrown,gbrown@mail.com
93,abcd123,responder,vjackson,vjackson@mail.com
94,abcd123,coordinator,umartinez,umartinez@mail.com
95,abcd123,admin,jtaylor,jtaylor@mail.com
96,abcd123,admin,umartin,umartin@mail.com
97,abcd123,volunteer,xharris,xharris@mail.com
98,abcd123,admin,xjones,xjones@mail.com
99,abcd123,volunteer,wmiller,wmiller@mail.com
100,abcd123,admin,igonzalez,igonzalez@mail.com
101,abcd123,responder,sanderson,sanderson@mail.com
102,abcd123,coordinator,nhernandez,nhernandez@mail.com
103,abcd123,responder,ytaylor,ytaylor@mail.com
104,abcd123,volunteer,dmiller,dmiller@mail.com
105,abcd123,volunteer,zthompson,zthompson@mail.com
106,abcd123,responder,lmiller,lmiller@mail.com
107,abcd123,volunteer,rwhite,rwhite@mail.com
108,abcd123,volunteer,ksmith,ksmith@mail.com
109,abcd123,admin,ywilliams,ywilliams@mail.com
